Experiment,Item,Condition,Condition_ID,quantifier,scenario,n_quantifier,n_target_objects,shape_noun,color_adjective1,color_adjective2,Sentence_german,Expected_answer,list,target_objects,Form_left,colour1_left,n_colour1_left,colour2_left,n_colour2_left,Form_right,colour1_right,n_colour1_right,colour2_right,n_colour2_right
ESQ,1,1,1,less,empty_restrictor,3.0,5.0,square,blau,,Sind weniger als drei Quadrate blau?,komische frage,1,right,circle,blue,3,red,4,triangle,blue,3,red,2
ESQ,1,2,2,less,empty_scope,3.0,5.0,square,blau,,Sind weniger als drei Quadrate blau?,"ja, stimmt",2,right,circle,blue,3,red,4,square,blue,0,red,5
ESQ,1,3,3,less,small_control,3.0,5.0,square,blau,,Sind weniger als drei Quadrate blau?,"ja, stimmt",3,right,circle,blue,3,red,4,square,blue,1,red,4
ESQ,1,4,4,less,large_control,3.0,5.0,square,blau,,Sind weniger als drei Quadrate blau?,"nein, stimmt nicht",4,right,circle,blue,3,red,4,square,blue,5,red,0
ESQ,1,1,5,more,empty_restrictor,3.0,5.0,square,blau,,Sind mehr als drei Quadrate blau?,komische frage,2,right,circle,blue,3,red,4,triangle,blue,3,red,2
ESQ,1,2,6,more,empty_scope,3.0,5.0,square,blau,,Sind mehr als drei Quadrate blau?,"nein, stimmt nicht",3,right,circle,blue,3,red,4,square,blue,0,red,5
ESQ,1,3,7,more,small_control,3.0,5.0,square,blau,,Sind mehr als drei Quadrate blau?,"nein, stimmt nicht",4,right,circle,blue,3,red,4,square,blue,1,red,4
ESQ,1,4,8,more,large_control,3.0,5.0,square,blau,,Sind mehr als drei Quadrate blau?,"ja, stimmt",1,right,circle,blue,3,red,4,square,blue,5,red,0
ESQ,1,1,9,every,empty_restrictor,3.0,5.0,square,blau,,Ist jedes Quadrat blau?,komische frage,3,right,circle,blue,3,red,4,triangle,blue,3,red,2
ESQ,1,2,10,every,empty_scope,3.0,5.0,square,blau,,Ist jedes Quadrat blau?,"nein, stimmt nicht",4,right,circle,blue,3,red,4,square,blue,0,red,5
ESQ,1,3,11,every,small_control,3.0,5.0,square,blau,,Ist jedes Quadrat blau?,"nein, stimmt nicht",1,right,circle,blue,3,red,4,square,blue,1,red,4
ESQ,1,4,12,every,large_control,3.0,5.0,square,blau,,Ist jedes Quadrat blau?,"ja, stimmt",2,right,circle,blue,3,red,4,square,blue,5,red,0
ESQ,1,1,13,no,empty_restrictor,3.0,5.0,square,blau,,Ist kein Quadrat blau?,komische frage,4,right,circle,blue,3,red,4,triangle,blue,3,red,2
ESQ,1,2,14,no,empty_scope,3.0,5.0,square,blau,,Ist kein Quadrat blau?,"ja, stimmt",1,right,circle,blue,3,red,4,square,blue,0,red,5
ESQ,1,3,15,no,small_control,3.0,5.0,square,blau,,Ist kein Quadrat blau?,"nein, stimmt nicht",2,right,circle,blue,3,red,4,square,blue,1,red,4
ESQ,1,4,16,no,large_control,3.0,5.0,square,blau,,Ist kein Quadrat blau?,"nein, stimmt nicht",3,right,circle,blue,3,red,4,square,blue,5,red,0
ESQ,2,1,1,less,empty_restrictor,4.0,7.0,circle,orange,,Sind weniger als vier Kreise orange?,komische frage,2,right,heart,orange,4,pink,5,cross,orange,3,pink,4
ESQ,2,2,2,less,empty_scope,4.0,7.0,circle,orange,,Sind weniger als vier Kreise orange?,"ja, stimmt",3,right,heart,orange,4,pink,5,circle,orange,0,pink,7
ESQ,2,3,3,less,small_control,4.0,7.0,circle,orange,,Sind weniger als vier Kreise orange?,"ja, stimmt",4,right,heart,orange,4,pink,5,circle,orange,1,pink,6
ESQ,2,4,4,less,large_control,4.0,7.0,circle,orange,,Sind weniger als vier Kreise orange?,"nein, stimmt nicht",1,right,heart,orange,4,pink,5,circle,orange,7,pink,0
ESQ,2,1,5,more,empty_restrictor,4.0,7.0,circle,orange,,Sind mehr als vier Kreise orange?,komische frage,3,right,heart,orange,4,pink,5,cross,orange,3,pink,4
ESQ,2,2,6,more,empty_scope,4.0,7.0,circle,orange,,Sind mehr als vier Kreise orange?,"nein, stimmt nicht",4,right,heart,orange,4,pink,5,circle,orange,0,pink,7
ESQ,2,3,7,more,small_control,4.0,7.0,circle,orange,,Sind mehr als vier Kreise orange?,"nein, stimmt nicht",1,right,heart,orange,4,pink,5,circle,orange,1,pink,6
ESQ,2,4,8,more,large_control,4.0,7.0,circle,orange,,Sind mehr als vier Kreise orange?,"ja, stimmt",2,right,heart,orange,4,pink,5,circle,orange,7,pink,0
ESQ,2,1,9,every,empty_restrictor,4.0,7.0,circle,orange,,Ist jeder Kreis orange?,komische frage,4,right,heart,orange,4,pink,5,cross,orange,3,pink,4
ESQ,2,2,10,every,empty_scope,4.0,7.0,circle,orange,,Ist jeder Kreis orange?,"nein, stimmt nicht",1,right,heart,orange,4,pink,5,circle,orange,0,pink,7
ESQ,2,3,11,every,small_control,4.0,7.0,circle,orange,,Ist jeder Kreis orange?,"nein, stimmt nicht",2,right,heart,orange,4,pink,5,circle,orange,1,pink,6
ESQ,2,4,12,every,large_control,4.0,7.0,circle,orange,,Ist jeder Kreis orange?,"ja, stimmt",3,right,heart,orange,4,pink,5,circle,orange,7,pink,0
ESQ,2,1,13,no,empty_restrictor,4.0,7.0,circle,orange,,Ist kein Kreis orange?,komische frage,1,right,heart,orange,4,pink,5,cross,orange,3,pink,4
ESQ,2,2,14,no,empty_scope,4.0,7.0,circle,orange,,Ist kein Kreis orange?,"ja, stimmt",2,right,heart,orange,4,pink,5,circle,orange,0,pink,7
ESQ,2,3,15,no,small_control,4.0,7.0,circle,orange,,Ist kein Kreis orange?,"nein, stimmt nicht",3,right,heart,orange,4,pink,5,circle,orange,1,pink,6
ESQ,2,4,16,no,large_control,4.0,7.0,circle,orange,,Ist kein Kreis orange?,"nein, stimmt nicht",4,right,heart,orange,4,pink,5,circle,orange,7,pink,0
ESQ,3,1,1,less,empty_restrictor,4.0,6.0,heart,grau,,Sind weniger als vier Herzen grau?,komische frage,3,right,triangle,grey,2,yellow,3,square,grey,3,yellow,3
ESQ,3,2,2,less,empty_scope,4.0,6.0,heart,grau,,Sind weniger als vier Herzen grau?,"ja, stimmt",4,right,triangle,grey,2,yellow,3,heart,grey,0,yellow,6
ESQ,3,3,3,less,small_control,4.0,6.0,heart,grau,,Sind weniger als vier Herzen grau?,"ja, stimmt",1,right,triangle,grey,2,yellow,3,heart,grey,2,yellow,4
ESQ,3,4,4,less,large_control,4.0,6.0,heart,grau,,Sind weniger als vier Herzen grau?,"nein, stimmt nicht",2,right,triangle,grey,2,yellow,3,heart,grey,6,yellow,0
ESQ,3,1,5,more,empty_restrictor,4.0,6.0,heart,grau,,Sind mehr als vier Herzen grau?,komische frage,4,right,triangle,grey,2,yellow,3,square,grey,3,yellow,3
ESQ,3,2,6,more,empty_scope,4.0,6.0,heart,grau,,Sind mehr als vier Herzen grau?,"nein, stimmt nicht",1,right,triangle,grey,2,yellow,3,heart,grey,0,yellow,6
ESQ,3,3,7,more,small_control,4.0,6.0,heart,grau,,Sind mehr als vier Herzen grau?,"nein, stimmt nicht",2,right,triangle,grey,2,yellow,3,heart,grey,2,yellow,4
ESQ,3,4,8,more,large_control,4.0,6.0,heart,grau,,Sind mehr als vier Herzen grau?,"ja, stimmt",3,right,triangle,grey,2,yellow,3,heart,grey,6,yellow,0
ESQ,3,1,9,every,empty_restrictor,4.0,6.0,heart,grau,,Ist jedes Herz grau?,komische frage,1,right,triangle,grey,2,yellow,3,square,grey,3,yellow,3
ESQ,3,2,10,every,empty_scope,4.0,6.0,heart,grau,,Ist jedes Herz grau?,"nein, stimmt nicht",2,right,triangle,grey,2,yellow,3,heart,grey,0,yellow,6
ESQ,3,3,11,every,small_control,4.0,6.0,heart,grau,,Ist jedes Herz grau?,"nein, stimmt nicht",3,right,triangle,grey,2,yellow,3,heart,grey,2,yellow,4
ESQ,3,4,12,every,large_control,4.0,6.0,heart,grau,,Ist jedes Herz grau?,"ja, stimmt",4,right,triangle,grey,2,yellow,3,heart,grey,6,yellow,0
ESQ,3,1,13,no,empty_restrictor,4.0,6.0,heart,grau,,Ist kein Herz grau?,komische frage,2,right,triangle,grey,2,yellow,3,square,grey,3,yellow,3
ESQ,3,2,14,no,empty_scope,4.0,6.0,heart,grau,,Ist kein Herz grau?,"ja, stimmt",3,right,triangle,grey,2,yellow,3,heart,grey,0,yellow,6
ESQ,3,3,15,no,small_control,4.0,6.0,heart,grau,,Ist kein Herz grau?,"nein, stimmt nicht",4,right,triangle,grey,2,yellow,3,heart,grey,2,yellow,4
ESQ,3,4,16,no,large_control,4.0,6.0,heart,grau,,Ist kein Herz grau?,"nein, stimmt nicht",1,right,triangle,grey,2,yellow,3,heart,grey,6,yellow,0
ESQ,4,1,1,less,empty_restrictor,4.0,7.0,cross,braun,,Sind weniger als vier Kreuze braun?,komische frage,4,right,square,brown,1,green,5,heart,brown,3,green,4
ESQ,4,2,2,less,empty_scope,4.0,7.0,cross,braun,,Sind weniger als vier Kreuze braun?,"ja, stimmt",1,right,square,brown,1,green,5,cross,brown,0,green,7
ESQ,4,3,3,less,small_control,4.0,7.0,cross,braun,,Sind weniger als vier Kreuze braun?,"ja, stimmt",2,right,square,brown,1,green,5,cross,brown,2,green,5
ESQ,4,4,4,less,large_control,4.0,7.0,cross,braun,,Sind weniger als vier Kreuze braun?,"nein, stimmt nicht",3,right,square,brown,1,green,5,cross,brown,7,green,0
ESQ,4,1,5,more,empty_restrictor,4.0,7.0,cross,braun,,Sind mehr als vier Kreuze braun?,komische frage,1,right,square,brown,1,green,5,heart,brown,3,green,4
ESQ,4,2,6,more,empty_scope,4.0,7.0,cross,braun,,Sind mehr als vier Kreuze braun?,"nein, stimmt nicht",2,right,square,brown,1,green,5,cross,brown,0,green,7
ESQ,4,3,7,more,small_control,4.0,7.0,cross,braun,,Sind mehr als vier Kreuze braun?,"nein, stimmt nicht",3,right,square,brown,1,green,5,cross,brown,2,green,5
ESQ,4,4,8,more,large_control,4.0,7.0,cross,braun,,Sind mehr als vier Kreuze braun?,"ja, stimmt",4,right,square,brown,1,green,5,cross,brown,7,green,0
ESQ,4,1,9,every,empty_restrictor,4.0,7.0,cross,braun,,Ist jedes Kreuz braun?,komische frage,2,right,square,brown,1,green,5,heart,brown,3,green,4
ESQ,4,2,10,every,empty_scope,4.0,7.0,cross,braun,,Ist jedes Kreuz braun?,"nein, stimmt nicht",3,right,square,brown,1,green,5,cross,brown,0,green,7
ESQ,4,3,11,every,small_control,4.0,7.0,cross,braun,,Ist jedes Kreuz braun?,"nein, stimmt nicht",4,right,square,brown,1,green,5,cross,brown,2,green,5
ESQ,4,4,12,every,large_control,4.0,7.0,cross,braun,,Ist jedes Kreuz braun?,"ja, stimmt",1,right,square,brown,1,green,5,cross,brown,7,green,0
ESQ,4,1,13,no,empty_restrictor,4.0,7.0,cross,braun,,Ist kein Kreuz braun?,komische frage,3,right,square,brown,1,green,5,heart,brown,3,green,4
ESQ,4,2,14,no,empty_scope,4.0,7.0,cross,braun,,Ist kein Kreuz braun?,"ja, stimmt",4,right,square,brown,1,green,5,cross,brown,0,green,7
ESQ,4,3,15,no,small_control,4.0,7.0,cross,braun,,Ist kein Kreuz braun?,"nein, stimmt nicht",1,right,square,brown,1,green,5,cross,brown,2,green,5
ESQ,4,4,16,no,large_control,4.0,7.0,cross,braun,,Ist kein Kreuz braun?,"nein, stimmt nicht",2,right,square,brown,1,green,5,cross,brown,7,green,0
ESQ,5,1,1,less,empty_restrictor,3.0,6.0,triangle,lila,,Sind weniger als drei Dreiecke lila?,komische frage,1,right,cross,purple,5,red,3,circle,purple,3,red,3
ESQ,5,2,2,less,empty_scope,3.0,6.0,triangle,lila,,Sind weniger als drei Dreiecke lila?,"ja, stimmt",2,right,cross,purple,5,red,3,triangle,purple,0,red,6
ESQ,5,3,3,less,small_control,3.0,6.0,triangle,lila,,Sind weniger als drei Dreiecke lila?,"ja, stimmt",3,right,cross,purple,5,red,3,triangle,purple,1,red,5
ESQ,5,4,4,less,large_control,3.0,6.0,triangle,lila,,Sind weniger als drei Dreiecke lila?,"nein, stimmt nicht",4,right,cross,purple,5,red,3,triangle,purple,6,red,0
ESQ,5,1,5,more,empty_restrictor,3.0,6.0,triangle,lila,,Sind mehr als drei Dreiecke lila?,komische frage,2,right,cross,purple,5,red,3,circle,purple,3,red,3
ESQ,5,2,6,more,empty_scope,3.0,6.0,triangle,lila,,Sind mehr als drei Dreiecke lila?,"nein, stimmt nicht",3,right,cross,purple,5,red,3,triangle,purple,0,red,6
ESQ,5,3,7,more,small_control,3.0,6.0,triangle,lila,,Sind mehr als drei Dreiecke lila?,"nein, stimmt nicht",4,right,cross,purple,5,red,3,triangle,purple,1,red,5
ESQ,5,4,8,more,large_control,3.0,6.0,triangle,lila,,Sind mehr als drei Dreiecke lila?,"ja, stimmt",1,right,cross,purple,5,red,3,triangle,purple,6,red,0
ESQ,5,1,9,every,empty_restrictor,3.0,6.0,triangle,lila,,Ist jedes Dreieck lila?,komische frage,3,right,cross,purple,5,red,3,circle,purple,3,red,3
ESQ,5,2,10,every,empty_scope,3.0,6.0,triangle,lila,,Ist jedes Dreieck lila?,"nein, stimmt nicht",4,right,cross,purple,5,red,3,triangle,purple,0,red,6
ESQ,5,3,11,every,small_control,3.0,6.0,triangle,lila,,Ist jedes Dreieck lila?,"nein, stimmt nicht",1,right,cross,purple,5,red,3,triangle,purple,1,red,5
ESQ,5,4,12,every,large_control,3.0,6.0,triangle,lila,,Ist jedes Dreieck lila?,"ja, stimmt",2,right,cross,purple,5,red,3,triangle,purple,6,red,0
ESQ,5,1,13,no,empty_restrictor,3.0,6.0,triangle,lila,,Ist kein Dreieck lila?,komische frage,4,right,cross,purple,5,red,3,circle,purple,3,red,3
ESQ,5,2,14,no,empty_scope,3.0,6.0,triangle,lila,,Ist kein Dreieck lila?,"ja, stimmt",1,right,cross,purple,5,red,3,triangle,purple,0,red,6
ESQ,5,3,15,no,small_control,3.0,6.0,triangle,lila,,Ist kein Dreieck lila?,"nein, stimmt nicht",2,right,cross,purple,5,red,3,triangle,purple,1,red,5
ESQ,5,4,16,no,large_control,3.0,6.0,triangle,lila,,Ist kein Dreieck lila?,"nein, stimmt nicht",3,right,cross,purple,5,red,3,triangle,purple,6,red,0
ESQ,6,1,1,less,empty_restrictor,3.0,5.0,heart,türkis,,Sind weniger als drei Herzen türkis?,komische frage,2,right,circle,turquoise,2,red,4,cross,turquoise,3,red,2
ESQ,6,2,2,less,empty_scope,3.0,5.0,heart,türkis,,Sind weniger als drei Herzen türkis?,"ja, stimmt",3,right,circle,turquoise,2,red,4,heart,turquoise,0,red,5
ESQ,6,3,3,less,small_control,3.0,5.0,heart,türkis,,Sind weniger als drei Herzen türkis?,"ja, stimmt",4,right,circle,turquoise,2,red,4,heart,turquoise,1,red,4
ESQ,6,4,4,less,large_control,3.0,5.0,heart,türkis,,Sind weniger als drei Herzen türkis?,"nein, stimmt nicht",1,right,circle,turquoise,2,red,4,heart,turquoise,5,red,0
ESQ,6,1,5,more,empty_restrictor,3.0,5.0,heart,türkis,,Sind mehr als drei Herzen türkis?,komische frage,3,right,circle,turquoise,2,red,4,cross,turquoise,3,red,2
ESQ,6,2,6,more,empty_scope,3.0,5.0,heart,türkis,,Sind mehr als drei Herzen türkis?,"nein, stimmt nicht",4,right,circle,turquoise,2,red,4,heart,turquoise,0,red,5
ESQ,6,3,7,more,small_control,3.0,5.0,heart,türkis,,Sind mehr als drei Herzen türkis?,"nein, stimmt nicht",1,right,circle,turquoise,2,red,4,heart,turquoise,1,red,4
ESQ,6,4,8,more,large_control,3.0,5.0,heart,türkis,,Sind mehr als drei Herzen türkis?,"ja, stimmt",2,right,circle,turquoise,2,red,4,heart,turquoise,5,red,0
ESQ,6,1,9,every,empty_restrictor,3.0,5.0,heart,türkis,,Ist jedes Herz türkis?,komische frage,4,right,circle,turquoise,2,red,4,cross,turquoise,3,red,2
ESQ,6,2,10,every,empty_scope,3.0,5.0,heart,türkis,,Ist jedes Herz türkis?,"nein, stimmt nicht",1,right,circle,turquoise,2,red,4,heart,turquoise,0,red,5
ESQ,6,3,11,every,small_control,3.0,5.0,heart,türkis,,Ist jedes Herz türkis?,"nein, stimmt nicht",2,right,circle,turquoise,2,red,4,heart,turquoise,1,red,4
ESQ,6,4,12,every,large_control,3.0,5.0,heart,türkis,,Ist jedes Herz türkis?,"ja, stimmt",3,right,circle,turquoise,2,red,4,heart,turquoise,5,red,0
ESQ,6,1,13,no,empty_restrictor,3.0,5.0,heart,türkis,,Ist kein Herz türkis?,komische frage,1,right,circle,turquoise,2,red,4,cross,turquoise,3,red,2
ESQ,6,2,14,no,empty_scope,3.0,5.0,heart,türkis,,Ist kein Herz türkis?,"ja, stimmt",2,right,circle,turquoise,2,red,4,heart,turquoise,0,red,5
ESQ,6,3,15,no,small_control,3.0,5.0,heart,türkis,,Ist kein Herz türkis?,"nein, stimmt nicht",3,right,circle,turquoise,2,red,4,heart,turquoise,1,red,4
ESQ,6,4,16,no,large_control,3.0,5.0,heart,türkis,,Ist kein Herz türkis?,"nein, stimmt nicht",4,right,circle,turquoise,2,red,4,heart,turquoise,5,red,0
ESQ,7,1,1,less,empty_restrictor,4.0,6.0,square,schwarz,,Sind weniger als vier Quadrate schwarz?,komische frage,3,right,heart,orange,3,black,1,triangle,orange,3,black,3
ESQ,7,2,2,less,empty_scope,4.0,6.0,square,schwarz,,Sind weniger als vier Quadrate schwarz?,"ja, stimmt",4,right,heart,orange,3,black,1,square,orange,0,black,6
ESQ,7,3,3,less,small_control,4.0,6.0,square,schwarz,,Sind weniger als vier Quadrate schwarz?,"ja, stimmt",1,right,heart,orange,3,black,1,square,orange,2,black,4
ESQ,7,4,4,less,large_control,4.0,6.0,square,schwarz,,Sind weniger als vier Quadrate schwarz?,"nein, stimmt nicht",2,right,heart,orange,3,black,1,square,orange,6,black,0
ESQ,7,1,5,more,empty_restrictor,4.0,6.0,square,schwarz,,Sind mehr als vier Quadrate schwarz?,komische frage,4,right,heart,orange,3,black,1,triangle,orange,3,black,3
ESQ,7,2,6,more,empty_scope,4.0,6.0,square,schwarz,,Sind mehr als vier Quadrate schwarz?,"nein, stimmt nicht",1,right,heart,orange,3,black,1,square,orange,0,black,6
ESQ,7,3,7,more,small_control,4.0,6.0,square,schwarz,,Sind mehr als vier Quadrate schwarz?,"nein, stimmt nicht",2,right,heart,orange,3,black,1,square,orange,2,black,4
ESQ,7,4,8,more,large_control,4.0,6.0,square,schwarz,,Sind mehr als vier Quadrate schwarz?,"ja, stimmt",3,right,heart,orange,3,black,1,square,orange,6,black,0
ESQ,7,1,9,every,empty_restrictor,4.0,6.0,square,schwarz,,Ist jedes Quadrat schwarz?,komische frage,1,right,heart,orange,3,black,1,triangle,orange,3,black,3
ESQ,7,2,10,every,empty_scope,4.0,6.0,square,schwarz,,Ist jedes Quadrat schwarz?,"nein, stimmt nicht",2,right,heart,orange,3,black,1,square,orange,0,black,6
ESQ,7,3,11,every,small_control,4.0,6.0,square,schwarz,,Ist jedes Quadrat schwarz?,"nein, stimmt nicht",3,right,heart,orange,3,black,1,square,orange,2,black,4
ESQ,7,4,12,every,large_control,4.0,6.0,square,schwarz,,Ist jedes Quadrat schwarz?,"ja, stimmt",4,right,heart,orange,3,black,1,square,orange,6,black,0
ESQ,7,1,13,no,empty_restrictor,4.0,6.0,square,schwarz,,Ist kein Quadrat schwarz?,komische frage,2,right,heart,orange,3,black,1,triangle,orange,3,black,3
ESQ,7,2,14,no,empty_scope,4.0,6.0,square,schwarz,,Ist kein Quadrat schwarz?,"ja, stimmt",3,right,heart,orange,3,black,1,square,orange,0,black,6
ESQ,7,3,15,no,small_control,4.0,6.0,square,schwarz,,Ist kein Quadrat schwarz?,"nein, stimmt nicht",4,right,heart,orange,3,black,1,square,orange,2,black,4
ESQ,7,4,16,no,large_control,4.0,6.0,square,schwarz,,Ist kein Quadrat schwarz?,"nein, stimmt nicht",1,right,heart,orange,3,black,1,square,orange,6,black,0
ESQ,8,1,1,less,empty_restrictor,3.0,5.0,circle,grau,,Sind weniger als drei Kreise grau?,komische frage,4,right,triangle,grey,4,blue,4,cross,grey,3,blue,2
ESQ,8,2,2,less,empty_scope,3.0,5.0,circle,grau,,Sind weniger als drei Kreise grau?,"ja, stimmt",1,right,triangle,grey,4,blue,4,circle,grey,0,blue,5
ESQ,8,3,3,less,small_control,3.0,5.0,circle,grau,,Sind weniger als drei Kreise grau?,"ja, stimmt",2,right,triangle,grey,4,blue,4,circle,grey,2,blue,3
ESQ,8,4,4,less,large_control,3.0,5.0,circle,grau,,Sind weniger als drei Kreise grau?,"nein, stimmt nicht",3,right,triangle,grey,4,blue,4,circle,grey,5,blue,0
ESQ,8,1,5,more,empty_restrictor,3.0,5.0,circle,grau,,Sind mehr als drei Kreise grau?,komische frage,1,right,triangle,grey,4,blue,4,cross,grey,3,blue,2
ESQ,8,2,6,more,empty_scope,3.0,5.0,circle,grau,,Sind mehr als drei Kreise grau?,"nein, stimmt nicht",2,right,triangle,grey,4,blue,4,circle,grey,0,blue,5
ESQ,8,3,7,more,small_control,3.0,5.0,circle,grau,,Sind mehr als drei Kreise grau?,"nein, stimmt nicht",3,right,triangle,grey,4,blue,4,circle,grey,2,blue,3
ESQ,8,4,8,more,large_control,3.0,5.0,circle,grau,,Sind mehr als drei Kreise grau?,"ja, stimmt",4,right,triangle,grey,4,blue,4,circle,grey,5,blue,0
ESQ,8,1,9,every,empty_restrictor,3.0,5.0,circle,grau,,Ist jeder Kreis grau?,komische frage,2,right,triangle,grey,4,blue,4,cross,grey,3,blue,2
ESQ,8,2,10,every,empty_scope,3.0,5.0,circle,grau,,Ist jeder Kreis grau?,"nein, stimmt nicht",3,right,triangle,grey,4,blue,4,circle,grey,0,blue,5
ESQ,8,3,11,every,small_control,3.0,5.0,circle,grau,,Ist jeder Kreis grau?,"nein, stimmt nicht",4,right,triangle,grey,4,blue,4,circle,grey,2,blue,3
ESQ,8,4,12,every,large_control,3.0,5.0,circle,grau,,Ist jeder Kreis grau?,"ja, stimmt",1,right,triangle,grey,4,blue,4,circle,grey,5,blue,0
ESQ,8,1,13,no,empty_restrictor,3.0,5.0,circle,grau,,Ist kein Kreis grau?,komische frage,3,right,triangle,grey,4,blue,4,cross,grey,3,blue,2
ESQ,8,2,14,no,empty_scope,3.0,5.0,circle,grau,,Ist kein Kreis grau?,"ja, stimmt",4,right,triangle,grey,4,blue,4,circle,grey,0,blue,5
ESQ,8,3,15,no,small_control,3.0,5.0,circle,grau,,Ist kein Kreis grau?,"nein, stimmt nicht",1,right,triangle,grey,4,blue,4,circle,grey,2,blue,3
ESQ,8,4,16,no,large_control,3.0,5.0,circle,grau,,Ist kein Kreis grau?,"nein, stimmt nicht",2,right,triangle,grey,4,blue,4,circle,grey,5,blue,0
ESQ,9,1,1,less,empty_restrictor,4.0,7.0,triangle,rot,,Sind weniger als vier Dreiecke rot?,komische frage,1,right,square,red,5,purple,2,circle,red,3,purple,4
ESQ,9,2,2,less,empty_scope,4.0,7.0,triangle,rot,,Sind weniger als vier Dreiecke rot?,"ja, stimmt",2,right,square,red,5,purple,2,triangle,red,0,purple,7
ESQ,9,3,3,less,small_control,4.0,7.0,triangle,rot,,Sind weniger als vier Dreiecke rot?,"ja, stimmt",3,right,square,red,5,purple,2,triangle,red,1,purple,6
ESQ,9,4,4,less,large_control,4.0,7.0,triangle,rot,,Sind weniger als vier Dreiecke rot?,"nein, stimmt nicht",4,right,square,red,5,purple,2,triangle,red,7,purple,0
ESQ,9,1,5,more,empty_restrictor,4.0,7.0,triangle,rot,,Sind mehr als vier Dreiecke rot?,komische frage,2,right,square,red,5,purple,2,circle,red,3,purple,4
ESQ,9,2,6,more,empty_scope,4.0,7.0,triangle,rot,,Sind mehr als vier Dreiecke rot?,"nein, stimmt nicht",3,right,square,red,5,purple,2,triangle,red,0,purple,7
ESQ,9,3,7,more,small_control,4.0,7.0,triangle,rot,,Sind mehr als vier Dreiecke rot?,"nein, stimmt nicht",4,right,square,red,5,purple,2,triangle,red,1,purple,6
ESQ,9,4,8,more,large_control,4.0,7.0,triangle,rot,,Sind mehr als vier Dreiecke rot?,"ja, stimmt",1,right,square,red,5,purple,2,triangle,red,7,purple,0
ESQ,9,1,9,every,empty_restrictor,4.0,7.0,triangle,rot,,Ist jedes Dreieck rot?,komische frage,3,right,square,red,5,purple,2,circle,red,3,purple,4
ESQ,9,2,10,every,empty_scope,4.0,7.0,triangle,rot,,Ist jedes Dreieck rot?,"nein, stimmt nicht",4,right,square,red,5,purple,2,triangle,red,0,purple,7
ESQ,9,3,11,every,small_control,4.0,7.0,triangle,rot,,Ist jedes Dreieck rot?,"nein, stimmt nicht",1,right,square,red,5,purple,2,triangle,red,1,purple,6
ESQ,9,4,12,every,large_control,4.0,7.0,triangle,rot,,Ist jedes Dreieck rot?,"ja, stimmt",2,right,square,red,5,purple,2,triangle,red,7,purple,0
ESQ,9,1,13,no,empty_restrictor,4.0,7.0,triangle,rot,,Ist kein Dreieck rot?,komische frage,4,right,square,red,5,purple,2,circle,red,3,purple,4
ESQ,9,2,14,no,empty_scope,4.0,7.0,triangle,rot,,Ist kein Dreieck rot?,"ja, stimmt",1,right,square,red,5,purple,2,triangle,red,0,purple,7
ESQ,9,3,15,no,small_control,4.0,7.0,triangle,rot,,Ist kein Dreieck rot?,"nein, stimmt nicht",2,right,square,red,5,purple,2,triangle,red,1,purple,6
ESQ,9,4,16,no,large_control,4.0,7.0,triangle,rot,,Ist kein Dreieck rot?,"nein, stimmt nicht",3,right,square,red,5,purple,2,triangle,red,7,purple,0
ESQ,10,1,1,less,empty_restrictor,3.0,5.0,circle,türkis,,Sind weniger als drei Kreise türkis?,komische frage,2,right,cross,turquoise,3,yellow,5,heart,turquoise,3,yellow,2
ESQ,10,2,2,less,empty_scope,3.0,5.0,circle,türkis,,Sind weniger als drei Kreise türkis?,"ja, stimmt",3,right,cross,turquoise,3,yellow,5,square,turquoise,0,yellow,5
ESQ,10,3,3,less,small_control,3.0,5.0,circle,türkis,,Sind weniger als drei Kreise türkis?,"ja, stimmt",4,right,cross,turquoise,3,yellow,5,square,turquoise,2,yellow,3
ESQ,10,4,4,less,large_control,3.0,5.0,circle,türkis,,Sind weniger als drei Kreise türkis?,"nein, stimmt nicht",1,right,cross,turquoise,3,yellow,5,square,turquoise,5,yellow,0
ESQ,10,1,5,more,empty_restrictor,3.0,5.0,circle,türkis,,Sind mehr als drei Kreise türkis?,komische frage,3,right,cross,turquoise,3,yellow,5,heart,turquoise,3,yellow,2
ESQ,10,2,6,more,empty_scope,3.0,5.0,circle,türkis,,Sind mehr als drei Kreise türkis?,"nein, stimmt nicht",4,right,cross,turquoise,3,yellow,5,square,turquoise,0,yellow,5
ESQ,10,3,7,more,small_control,3.0,5.0,circle,türkis,,Sind mehr als drei Kreise türkis?,"nein, stimmt nicht",1,right,cross,turquoise,3,yellow,5,square,turquoise,2,yellow,3
ESQ,10,4,8,more,large_control,3.0,5.0,circle,türkis,,Sind mehr als drei Kreise türkis?,"ja, stimmt",2,right,cross,turquoise,3,yellow,5,square,turquoise,5,yellow,0
ESQ,10,1,9,every,empty_restrictor,3.0,5.0,circle,türkis,,Ist jeder Kreis türkis?,komische frage,4,right,cross,turquoise,3,yellow,5,heart,turquoise,3,yellow,2
ESQ,10,2,10,every,empty_scope,3.0,5.0,circle,türkis,,Ist jeder Kreis türkis?,"nein, stimmt nicht",1,right,cross,turquoise,3,yellow,5,square,turquoise,0,yellow,5
ESQ,10,3,11,every,small_control,3.0,5.0,circle,türkis,,Ist jeder Kreis türkis?,"nein, stimmt nicht",2,right,cross,turquoise,3,yellow,5,square,turquoise,2,yellow,3
ESQ,10,4,12,every,large_control,3.0,5.0,circle,türkis,,Ist jeder Kreis türkis?,"ja, stimmt",3,right,cross,turquoise,3,yellow,5,square,turquoise,5,yellow,0
ESQ,10,1,13,no,empty_restrictor,3.0,5.0,circle,türkis,,Ist kein Kreis türkis?,komische frage,1,right,cross,turquoise,3,yellow,5,heart,turquoise,3,yellow,2
ESQ,10,2,14,no,empty_scope,3.0,5.0,circle,türkis,,Ist kein Kreis türkis?,"ja, stimmt",2,right,cross,turquoise,3,yellow,5,square,turquoise,0,yellow,5
ESQ,10,3,15,no,small_control,3.0,5.0,circle,türkis,,Ist kein Kreis türkis?,"nein, stimmt nicht",3,right,cross,turquoise,3,yellow,5,square,turquoise,2,yellow,3
ESQ,10,4,16,no,large_control,3.0,5.0,circle,türkis,,Ist kein Kreis türkis?,"nein, stimmt nicht",4,right,cross,turquoise,3,yellow,5,square,turquoise,5,yellow,0
ESQ,11,1,1,less,empty_restrictor,3.0,5.0,circle,gelb,,Sind weniger als drei Kreise gelb?,komische frage,3,left,triangle,yellow,3,brown,2,cross,yellow,5,brown,1
ESQ,11,2,2,less,empty_scope,3.0,5.0,circle,gelb,,Sind weniger als drei Kreise gelb?,"ja, stimmt",4,left,circle,yellow,0,brown,5,cross,yellow,5,brown,1
ESQ,11,3,3,less,small_control,3.0,5.0,circle,gelb,,Sind weniger als drei Kreise gelb?,"ja, stimmt",1,left,circle,yellow,1,brown,4,cross,yellow,5,brown,1
ESQ,11,4,4,less,large_control,3.0,5.0,circle,gelb,,Sind weniger als drei Kreise gelb?,"nein, stimmt nicht",2,left,circle,yellow,5,brown,0,cross,yellow,5,brown,1
ESQ,11,1,5,more,empty_restrictor,3.0,5.0,circle,gelb,,Sind mehr als drei Kreise gelb?,komische frage,4,left,triangle,yellow,3,brown,2,cross,yellow,5,brown,1
ESQ,11,2,6,more,empty_scope,3.0,5.0,circle,gelb,,Sind mehr als drei Kreise gelb?,"nein, stimmt nicht",1,left,circle,yellow,0,brown,5,cross,yellow,5,brown,1
ESQ,11,3,7,more,small_control,3.0,5.0,circle,gelb,,Sind mehr als drei Kreise gelb?,"nein, stimmt nicht",2,left,circle,yellow,1,brown,4,cross,yellow,5,brown,1
ESQ,11,4,8,more,large_control,3.0,5.0,circle,gelb,,Sind mehr als drei Kreise gelb?,"ja, stimmt",3,left,circle,yellow,5,brown,0,cross,yellow,5,brown,1
ESQ,11,1,9,every,empty_restrictor,3.0,5.0,circle,gelb,,Ist jeder Kreis gelb?,komische frage,1,left,triangle,yellow,3,brown,2,cross,yellow,5,brown,1
ESQ,11,2,10,every,empty_scope,3.0,5.0,circle,gelb,,Ist jeder Kreis gelb?,"nein, stimmt nicht",2,left,circle,yellow,0,brown,5,cross,yellow,5,brown,1
ESQ,11,3,11,every,small_control,3.0,5.0,circle,gelb,,Ist jeder Kreis gelb?,"nein, stimmt nicht",3,left,circle,yellow,1,brown,4,cross,yellow,5,brown,1
ESQ,11,4,12,every,large_control,3.0,5.0,circle,gelb,,Ist jeder Kreis gelb?,"ja, stimmt",4,left,circle,yellow,5,brown,0,cross,yellow,5,brown,1
ESQ,11,1,13,no,empty_restrictor,3.0,5.0,circle,gelb,,Ist kein Kreis gelb?,komische frage,2,left,triangle,yellow,3,brown,2,cross,yellow,5,brown,1
ESQ,11,2,14,no,empty_scope,3.0,5.0,circle,gelb,,Ist kein Kreis gelb?,"ja, stimmt",3,left,circle,yellow,0,brown,5,cross,yellow,5,brown,1
ESQ,11,3,15,no,small_control,3.0,5.0,circle,gelb,,Ist kein Kreis gelb?,"nein, stimmt nicht",4,left,circle,yellow,1,brown,4,cross,yellow,5,brown,1
ESQ,11,4,16,no,large_control,3.0,5.0,circle,gelb,,Ist kein Kreis gelb?,"nein, stimmt nicht",1,left,circle,yellow,5,brown,0,cross,yellow,5,brown,1
ESQ,12,1,1,less,empty_restrictor,4.0,6.0,cross,grau,,Sind weniger als vier Kreuze grau?,komische frage,4,left,heart,grey,3,purple,3,circle,grey,6,purple,2
ESQ,12,2,2,less,empty_scope,4.0,6.0,cross,grau,,Sind weniger als vier Kreuze grau?,"ja, stimmt",1,left,cross,grey,0,purple,6,circle,grey,6,purple,2
ESQ,12,3,3,less,small_control,4.0,6.0,cross,grau,,Sind weniger als vier Kreuze grau?,"ja, stimmt",2,left,cross,grey,1,purple,5,circle,grey,6,purple,2
ESQ,12,4,4,less,large_control,4.0,6.0,cross,grau,,Sind weniger als vier Kreuze grau?,"nein, stimmt nicht",3,left,cross,grey,6,purple,0,circle,grey,6,purple,2
ESQ,12,1,5,more,empty_restrictor,4.0,6.0,cross,grau,,Sind mehr als vier Kreuze grau?,komische frage,1,left,heart,grey,3,purple,3,circle,grey,6,purple,2
ESQ,12,2,6,more,empty_scope,4.0,6.0,cross,grau,,Sind mehr als vier Kreuze grau?,"nein, stimmt nicht",2,left,cross,grey,0,purple,6,circle,grey,6,purple,2
ESQ,12,3,7,more,small_control,4.0,6.0,cross,grau,,Sind mehr als vier Kreuze grau?,"nein, stimmt nicht",3,left,cross,grey,1,purple,5,circle,grey,6,purple,2
ESQ,12,4,8,more,large_control,4.0,6.0,cross,grau,,Sind mehr als vier Kreuze grau?,"ja, stimmt",4,left,cross,grey,6,purple,0,circle,grey,6,purple,2
ESQ,12,1,9,every,empty_restrictor,4.0,6.0,cross,grau,,Ist jedes Kreuz grau?,komische frage,2,left,heart,grey,3,purple,3,circle,grey,6,purple,2
ESQ,12,2,10,every,empty_scope,4.0,6.0,cross,grau,,Ist jedes Kreuz grau?,"nein, stimmt nicht",3,left,cross,grey,0,purple,6,circle,grey,6,purple,2
ESQ,12,3,11,every,small_control,4.0,6.0,cross,grau,,Ist jedes Kreuz grau?,"nein, stimmt nicht",4,left,cross,grey,1,purple,5,circle,grey,6,purple,2
ESQ,12,4,12,every,large_control,4.0,6.0,cross,grau,,Ist jedes Kreuz grau?,"ja, stimmt",1,left,cross,grey,6,purple,0,circle,grey,6,purple,2
ESQ,12,1,13,no,empty_restrictor,4.0,6.0,cross,grau,,Ist kein Kreuz grau?,komische frage,3,left,heart,grey,3,purple,3,circle,grey,6,purple,2
ESQ,12,2,14,no,empty_scope,4.0,6.0,cross,grau,,Ist kein Kreuz grau?,"ja, stimmt",4,left,cross,grey,0,purple,6,circle,grey,6,purple,2
ESQ,12,3,15,no,small_control,4.0,6.0,cross,grau,,Ist kein Kreuz grau?,"nein, stimmt nicht",1,left,cross,grey,1,purple,5,circle,grey,6,purple,2
ESQ,12,4,16,no,large_control,4.0,6.0,cross,grau,,Ist kein Kreuz grau?,"nein, stimmt nicht",2,left,cross,grey,6,purple,0,circle,grey,6,purple,2
ESQ,13,1,1,less,empty_restrictor,3.0,5.0,triangle,schwarz,,Sind weniger als drei Dreiecke schwarz?,komische frage,1,left,square,black,3,turquoise,2,heart,black,3,turquoise,5
ESQ,13,2,2,less,empty_scope,3.0,5.0,triangle,schwarz,,Sind weniger als drei Dreiecke schwarz?,"ja, stimmt",2,left,triangle,black,0,turquoise,5,heart,black,3,turquoise,5
ESQ,13,3,3,less,small_control,3.0,5.0,triangle,schwarz,,Sind weniger als drei Dreiecke schwarz?,"ja, stimmt",3,left,triangle,black,1,turquoise,4,heart,black,3,turquoise,5
ESQ,13,4,4,less,large_control,3.0,5.0,triangle,schwarz,,Sind weniger als drei Dreiecke schwarz?,"nein, stimmt nicht",4,left,triangle,black,5,turquoise,0,heart,black,3,turquoise,5
ESQ,13,1,5,more,empty_restrictor,3.0,5.0,triangle,schwarz,,Sind mehr als drei Dreiecke schwarz?,komische frage,2,left,square,black,3,turquoise,2,heart,black,3,turquoise,5
ESQ,13,2,6,more,empty_scope,3.0,5.0,triangle,schwarz,,Sind mehr als drei Dreiecke schwarz?,"nein, stimmt nicht",3,left,triangle,black,0,turquoise,5,heart,black,3,turquoise,5
ESQ,13,3,7,more,small_control,3.0,5.0,triangle,schwarz,,Sind mehr als drei Dreiecke schwarz?,"nein, stimmt nicht",4,left,triangle,black,1,turquoise,4,heart,black,3,turquoise,5
ESQ,13,4,8,more,large_control,3.0,5.0,triangle,schwarz,,Sind mehr als drei Dreiecke schwarz?,"ja, stimmt",1,left,triangle,black,5,turquoise,0,heart,black,3,turquoise,5
ESQ,13,1,9,every,empty_restrictor,3.0,5.0,triangle,schwarz,,Ist jedes Dreieck schwarz?,komische frage,3,left,square,black,3,turquoise,2,heart,black,3,turquoise,5
ESQ,13,2,10,every,empty_scope,3.0,5.0,triangle,schwarz,,Ist jedes Dreieck schwarz?,"nein, stimmt nicht",4,left,triangle,black,0,turquoise,5,heart,black,3,turquoise,5
ESQ,13,3,11,every,small_control,3.0,5.0,triangle,schwarz,,Ist jedes Dreieck schwarz?,"nein, stimmt nicht",1,left,triangle,black,1,turquoise,4,heart,black,3,turquoise,5
ESQ,13,4,12,every,large_control,3.0,5.0,triangle,schwarz,,Ist jedes Dreieck schwarz?,"ja, stimmt",2,left,triangle,black,5,turquoise,0,heart,black,3,turquoise,5
ESQ,13,1,13,no,empty_restrictor,3.0,5.0,triangle,schwarz,,Ist kein Dreieck schwarz?,komische frage,4,left,square,black,3,turquoise,2,heart,black,3,turquoise,5
ESQ,13,2,14,no,empty_scope,3.0,5.0,triangle,schwarz,,Ist kein Dreieck schwarz?,"ja, stimmt",1,left,triangle,black,0,turquoise,5,heart,black,3,turquoise,5
ESQ,13,3,15,no,small_control,3.0,5.0,triangle,schwarz,,Ist kein Dreieck schwarz?,"nein, stimmt nicht",2,left,triangle,black,1,turquoise,4,heart,black,3,turquoise,5
ESQ,13,4,16,no,large_control,3.0,5.0,triangle,schwarz,,Ist kein Dreieck schwarz?,"nein, stimmt nicht",3,left,triangle,black,5,turquoise,0,heart,black,3,turquoise,5
ESQ,14,1,1,less,empty_restrictor,4.0,7.0,cross,pink,,Sind weniger als vier Kreuze pink?,komische frage,2,left,heart,pink,3,black,4,triangle,pink,4,black,4
ESQ,14,2,2,less,empty_scope,4.0,7.0,cross,pink,,Sind weniger als vier Kreuze pink?,"ja, stimmt",3,left,cross,pink,0,black,7,triangle,pink,4,black,4
ESQ,14,3,3,less,small_control,4.0,7.0,cross,pink,,Sind weniger als vier Kreuze pink?,"ja, stimmt",4,left,cross,pink,1,black,6,triangle,pink,4,black,4
ESQ,14,4,4,less,large_control,4.0,7.0,cross,pink,,Sind weniger als vier Kreuze pink?,"nein, stimmt nicht",1,left,cross,pink,7,black,0,triangle,pink,4,black,4
ESQ,14,1,5,more,empty_restrictor,4.0,7.0,cross,pink,,Sind mehr als vier Kreuze pink?,komische frage,3,left,heart,pink,3,black,4,triangle,pink,4,black,4
ESQ,14,2,6,more,empty_scope,4.0,7.0,cross,pink,,Sind mehr als vier Kreuze pink?,"nein, stimmt nicht",4,left,cross,pink,0,black,7,triangle,pink,4,black,4
ESQ,14,3,7,more,small_control,4.0,7.0,cross,pink,,Sind mehr als vier Kreuze pink?,"nein, stimmt nicht",1,left,cross,pink,1,black,6,triangle,pink,4,black,4
ESQ,14,4,8,more,large_control,4.0,7.0,cross,pink,,Sind mehr als vier Kreuze pink?,"ja, stimmt",2,left,cross,pink,7,black,0,triangle,pink,4,black,4
ESQ,14,1,9,every,empty_restrictor,4.0,7.0,cross,pink,,Ist jedes Kreuz pink?,komische frage,4,left,heart,pink,3,black,4,triangle,pink,4,black,4
ESQ,14,2,10,every,empty_scope,4.0,7.0,cross,pink,,Ist jedes Kreuz pink?,"nein, stimmt nicht",1,left,cross,pink,0,black,7,triangle,pink,4,black,4
ESQ,14,3,11,every,small_control,4.0,7.0,cross,pink,,Ist jedes Kreuz pink?,"nein, stimmt nicht",2,left,cross,pink,1,black,6,triangle,pink,4,black,4
ESQ,14,4,12,every,large_control,4.0,7.0,cross,pink,,Ist jedes Kreuz pink?,"ja, stimmt",3,left,cross,pink,7,black,0,triangle,pink,4,black,4
ESQ,14,1,13,no,empty_restrictor,4.0,7.0,cross,pink,,Ist kein Kreuz pink?,komische frage,1,left,heart,pink,3,black,4,triangle,pink,4,black,4
ESQ,14,2,14,no,empty_scope,4.0,7.0,cross,pink,,Ist kein Kreuz pink?,"ja, stimmt",2,left,cross,pink,0,black,7,triangle,pink,4,black,4
ESQ,14,3,15,no,small_control,4.0,7.0,cross,pink,,Ist kein Kreuz pink?,"nein, stimmt nicht",3,left,cross,pink,1,black,6,triangle,pink,4,black,4
ESQ,14,4,16,no,large_control,4.0,7.0,cross,pink,,Ist kein Kreuz pink?,"nein, stimmt nicht",4,left,cross,pink,7,black,0,triangle,pink,4,black,4
ESQ,15,1,1,less,empty_restrictor,3.0,5.0,circle,blau,,Sind weniger als drei Dreiecke blau?,komische frage,3,left,circle,blue,3,yellow,2,square,blue,5,yellow,3
ESQ,15,2,2,less,empty_scope,3.0,5.0,circle,blau,,Sind weniger als drei Dreiecke blau?,"ja, stimmt",4,left,triangle,blue,0,yellow,5,square,blue,5,yellow,3
ESQ,15,3,3,less,small_control,3.0,5.0,circle,blau,,Sind weniger als drei Dreiecke blau?,"ja, stimmt",1,left,triangle,blue,2,yellow,3,square,blue,5,yellow,3
ESQ,15,4,4,less,large_control,3.0,5.0,circle,blau,,Sind weniger als drei Dreiecke blau?,"nein, stimmt nicht",2,left,triangle,blue,5,yellow,0,square,blue,5,yellow,3
ESQ,15,1,5,more,empty_restrictor,3.0,5.0,circle,blau,,Sind mehr als drei Dreiecke blau?,komische frage,4,left,circle,blue,3,yellow,2,square,blue,5,yellow,3
ESQ,15,2,6,more,empty_scope,3.0,5.0,circle,blau,,Sind mehr als drei Dreiecke blau?,"nein, stimmt nicht",1,left,triangle,blue,0,yellow,5,square,blue,5,yellow,3
ESQ,15,3,7,more,small_control,3.0,5.0,circle,blau,,Sind mehr als drei Dreiecke blau?,"nein, stimmt nicht",2,left,triangle,blue,2,yellow,3,square,blue,5,yellow,3
ESQ,15,4,8,more,large_control,3.0,5.0,circle,blau,,Sind mehr als drei Dreiecke blau?,"ja, stimmt",3,left,triangle,blue,5,yellow,0,square,blue,5,yellow,3
ESQ,15,1,9,every,empty_restrictor,3.0,5.0,circle,blau,,Ist jedes Dreieck blau?,komische frage,1,left,circle,blue,3,yellow,2,square,blue,5,yellow,3
ESQ,15,2,10,every,empty_scope,3.0,5.0,circle,blau,,Ist jedes Dreieck blau?,"nein, stimmt nicht",2,left,triangle,blue,0,yellow,5,square,blue,5,yellow,3
ESQ,15,3,11,every,small_control,3.0,5.0,circle,blau,,Ist jedes Dreieck blau?,"nein, stimmt nicht",3,left,triangle,blue,2,yellow,3,square,blue,5,yellow,3
ESQ,15,4,12,every,large_control,3.0,5.0,circle,blau,,Ist jedes Dreieck blau?,"ja, stimmt",4,left,triangle,blue,5,yellow,0,square,blue,5,yellow,3
ESQ,15,1,13,no,empty_restrictor,3.0,5.0,circle,blau,,Ist kein Dreieck blau?,komische frage,2,left,circle,blue,3,yellow,2,square,blue,5,yellow,3
ESQ,15,2,14,no,empty_scope,3.0,5.0,circle,blau,,Ist kein Dreieck blau?,"ja, stimmt",3,left,triangle,blue,0,yellow,5,square,blue,5,yellow,3
ESQ,15,3,15,no,small_control,3.0,5.0,circle,blau,,Ist kein Dreieck blau?,"nein, stimmt nicht",4,left,triangle,blue,2,yellow,3,square,blue,5,yellow,3
ESQ,15,4,16,no,large_control,3.0,5.0,circle,blau,,Ist kein Dreieck blau?,"nein, stimmt nicht",1,left,triangle,blue,5,yellow,0,square,blue,5,yellow,3
ESQ,16,1,1,less,empty_restrictor,4.0,7.0,heart,grün,,Sind weniger als vier Herzen grün?,komische frage,4,left,square,green,3,grey,4,cross,green,3,grey,3
ESQ,16,2,2,less,empty_scope,4.0,7.0,heart,grün,,Sind weniger als vier Herzen grün?,"ja, stimmt",1,left,heart,green,0,grey,7,cross,green,3,grey,3
ESQ,16,3,3,less,small_control,4.0,7.0,heart,grün,,Sind weniger als vier Herzen grün?,"ja, stimmt",2,left,heart,green,2,grey,5,cross,green,3,grey,3
ESQ,16,4,4,less,large_control,4.0,7.0,heart,grün,,Sind weniger als vier Herzen grün?,"nein, stimmt nicht",3,left,heart,green,7,grey,0,cross,green,3,grey,3
ESQ,16,1,5,more,empty_restrictor,4.0,7.0,heart,grün,,Sind mehr als vier Herzen grün?,komische frage,1,left,square,green,3,grey,4,cross,green,3,grey,3
ESQ,16,2,6,more,empty_scope,4.0,7.0,heart,grün,,Sind mehr als vier Herzen grün?,"nein, stimmt nicht",2,left,heart,green,0,grey,7,cross,green,3,grey,3
ESQ,16,3,7,more,small_control,4.0,7.0,heart,grün,,Sind mehr als vier Herzen grün?,"nein, stimmt nicht",3,left,heart,green,2,grey,5,cross,green,3,grey,3
ESQ,16,4,8,more,large_control,4.0,7.0,heart,grün,,Sind mehr als vier Herzen grün?,"ja, stimmt",4,left,heart,green,7,grey,0,cross,green,3,grey,3
ESQ,16,1,9,every,empty_restrictor,4.0,7.0,heart,grün,,Ist jedes Herz grün?,komische frage,2,left,square,green,3,grey,4,cross,green,3,grey,3
ESQ,16,2,10,every,empty_scope,4.0,7.0,heart,grün,,Ist jedes Herz grün?,"nein, stimmt nicht",3,left,heart,green,0,grey,7,cross,green,3,grey,3
ESQ,16,3,11,every,small_control,4.0,7.0,heart,grün,,Ist jedes Herz grün?,"nein, stimmt nicht",4,left,heart,green,2,grey,5,cross,green,3,grey,3
ESQ,16,4,12,every,large_control,4.0,7.0,heart,grün,,Ist jedes Herz grün?,"ja, stimmt",1,left,heart,green,7,grey,0,cross,green,3,grey,3
ESQ,16,1,13,no,empty_restrictor,4.0,7.0,heart,grün,,Ist kein Herz grün?,komische frage,3,left,square,green,3,grey,4,cross,green,3,grey,3
ESQ,16,2,14,no,empty_scope,4.0,7.0,heart,grün,,Ist kein Herz grün?,"ja, stimmt",4,left,heart,green,0,grey,7,cross,green,3,grey,3
ESQ,16,3,15,no,small_control,4.0,7.0,heart,grün,,Ist kein Herz grün?,"nein, stimmt nicht",1,left,heart,green,2,grey,5,cross,green,3,grey,3
ESQ,16,4,16,no,large_control,4.0,7.0,heart,grün,,Ist kein Herz grün?,"nein, stimmt nicht",2,left,heart,green,7,grey,0,cross,green,3,grey,3
ESQ,17,1,1,less,empty_restrictor,3.0,6.0,circle,lila,,Sind weniger als drei Quadrate lila?,komische frage,1,left,triangle,purple,3,green,3,heart,purple,4,green,3
ESQ,17,2,2,less,empty_scope,3.0,6.0,circle,lila,,Sind weniger als drei Quadrate lila?,"ja, stimmt",2,left,square,purple,0,green,6,heart,purple,4,green,3
ESQ,17,3,3,less,small_control,3.0,6.0,circle,lila,,Sind weniger als drei Quadrate lila?,"ja, stimmt",3,left,square,purple,2,green,4,heart,purple,4,green,3
ESQ,17,4,4,less,large_control,3.0,6.0,circle,lila,,Sind weniger als drei Quadrate lila?,"nein, stimmt nicht",4,left,square,purple,6,green,0,heart,purple,4,green,3
ESQ,17,1,5,more,empty_restrictor,3.0,6.0,circle,lila,,Sind mehr als drei Quadrate lila?,komische frage,2,left,triangle,purple,3,green,3,heart,purple,4,green,3
ESQ,17,2,6,more,empty_scope,3.0,6.0,circle,lila,,Sind mehr als drei Quadrate lila?,"nein, stimmt nicht",3,left,square,purple,0,green,6,heart,purple,4,green,3
ESQ,17,3,7,more,small_control,3.0,6.0,circle,lila,,Sind mehr als drei Quadrate lila?,"nein, stimmt nicht",4,left,square,purple,2,green,4,heart,purple,4,green,3
ESQ,17,4,8,more,large_control,3.0,6.0,circle,lila,,Sind mehr als drei Quadrate lila?,"ja, stimmt",1,left,square,purple,6,green,0,heart,purple,4,green,3
ESQ,17,1,9,every,empty_restrictor,3.0,6.0,circle,lila,,Ist jedes Quadrat lila?,komische frage,3,left,triangle,purple,3,green,3,heart,purple,4,green,3
ESQ,17,2,10,every,empty_scope,3.0,6.0,circle,lila,,Ist jedes Quadrat lila?,"nein, stimmt nicht",4,left,square,purple,0,green,6,heart,purple,4,green,3
ESQ,17,3,11,every,small_control,3.0,6.0,circle,lila,,Ist jedes Quadrat lila?,"nein, stimmt nicht",1,left,square,purple,2,green,4,heart,purple,4,green,3
ESQ,17,4,12,every,large_control,3.0,6.0,circle,lila,,Ist jedes Quadrat lila?,"ja, stimmt",2,left,square,purple,6,green,0,heart,purple,4,green,3
ESQ,17,1,13,no,empty_restrictor,3.0,6.0,circle,lila,,Ist kein Quadrat lila?,komische frage,4,left,triangle,purple,3,green,3,heart,purple,4,green,3
ESQ,17,2,14,no,empty_scope,3.0,6.0,circle,lila,,Ist kein Quadrat lila?,"ja, stimmt",1,left,square,purple,0,green,6,heart,purple,4,green,3
ESQ,17,3,15,no,small_control,3.0,6.0,circle,lila,,Ist kein Quadrat lila?,"nein, stimmt nicht",2,left,square,purple,2,green,4,heart,purple,4,green,3
ESQ,17,4,16,no,large_control,3.0,6.0,circle,lila,,Ist kein Quadrat lila?,"nein, stimmt nicht",3,left,square,purple,6,green,0,heart,purple,4,green,3
ESQ,18,1,1,less,empty_restrictor,4.0,7.0,square,orange,,Sind weniger als vier Quadrate orange?,komische frage,2,left,heart,orange,0,blue,7,circle,orange,2,blue,5
ESQ,18,2,2,less,empty_scope,4.0,7.0,square,orange,,Sind weniger als vier Quadrate orange?,"ja, stimmt",3,left,square,orange,1,blue,6,circle,orange,2,blue,5
ESQ,18,3,3,less,small_control,4.0,7.0,square,orange,,Sind weniger als vier Quadrate orange?,"ja, stimmt",4,left,square,orange,7,blue,0,circle,orange,2,blue,5
ESQ,18,4,4,less,large_control,4.0,7.0,square,orange,,Sind weniger als vier Quadrate orange?,"nein, stimmt nicht",1,left,square,orange,3,blue,4,circle,orange,2,blue,5
ESQ,18,1,5,more,empty_restrictor,4.0,7.0,square,orange,,Sind mehr als vier Quadrate orange?,komische frage,3,left,heart,orange,0,blue,7,circle,orange,2,blue,5
ESQ,18,2,6,more,empty_scope,4.0,7.0,square,orange,,Sind mehr als vier Quadrate orange?,"nein, stimmt nicht",4,left,square,orange,1,blue,6,circle,orange,2,blue,5
ESQ,18,3,7,more,small_control,4.0,7.0,square,orange,,Sind mehr als vier Quadrate orange?,"nein, stimmt nicht",1,left,square,orange,7,blue,0,circle,orange,2,blue,5
ESQ,18,4,8,more,large_control,4.0,7.0,square,orange,,Sind mehr als vier Quadrate orange?,"ja, stimmt",2,left,square,orange,3,blue,4,circle,orange,2,blue,5
ESQ,18,1,9,every,empty_restrictor,4.0,7.0,square,orange,,Ist jedes Quadrat orange?,komische frage,4,left,heart,orange,0,blue,7,circle,orange,2,blue,5
ESQ,18,2,10,every,empty_scope,4.0,7.0,square,orange,,Ist jedes Quadrat orange?,"nein, stimmt nicht",1,left,square,orange,1,blue,6,circle,orange,2,blue,5
ESQ,18,3,11,every,small_control,4.0,7.0,square,orange,,Ist jedes Quadrat orange?,"nein, stimmt nicht",2,left,square,orange,7,blue,0,circle,orange,2,blue,5
ESQ,18,4,12,every,large_control,4.0,7.0,square,orange,,Ist jedes Quadrat orange?,"ja, stimmt",3,left,square,orange,3,blue,4,circle,orange,2,blue,5
ESQ,18,1,13,no,empty_restrictor,4.0,7.0,square,orange,,Ist kein Quadrat orange?,komische frage,1,left,heart,orange,0,blue,7,circle,orange,2,blue,5
ESQ,18,2,14,no,empty_scope,4.0,7.0,square,orange,,Ist kein Quadrat orange?,"ja, stimmt",2,left,square,orange,1,blue,6,circle,orange,2,blue,5
ESQ,18,3,15,no,small_control,4.0,7.0,square,orange,,Ist kein Quadrat orange?,"nein, stimmt nicht",3,left,square,orange,7,blue,0,circle,orange,2,blue,5
ESQ,18,4,16,no,large_control,4.0,7.0,square,orange,,Ist kein Quadrat orange?,"nein, stimmt nicht",4,left,square,orange,3,blue,4,circle,orange,2,blue,5
ESQ,19,1,1,less,empty_restrictor,4.0,6.0,cross,gelb,,Sind weniger als vier Kreuze gelb?,komische frage,3,left,circle,yellow,3,pink,3,square,yellow,3,pink,2
ESQ,19,2,2,less,empty_scope,4.0,6.0,cross,gelb,,Sind weniger als vier Kreuze gelb?,"ja, stimmt",4,left,cross,yellow,0,pink,6,square,yellow,3,pink,2
ESQ,19,3,3,less,small_control,4.0,6.0,cross,gelb,,Sind weniger als vier Kreuze gelb?,"ja, stimmt",1,left,cross,yellow,2,pink,4,square,yellow,3,pink,2
ESQ,19,4,4,less,large_control,4.0,6.0,cross,gelb,,Sind weniger als vier Kreuze gelb?,"nein, stimmt nicht",2,left,cross,yellow,6,pink,0,square,yellow,3,pink,2
ESQ,19,1,5,more,empty_restrictor,4.0,6.0,cross,gelb,,Sind mehr als vier Kreuze gelb?,komische frage,4,left,circle,yellow,3,pink,3,square,yellow,3,pink,2
ESQ,19,2,6,more,empty_scope,4.0,6.0,cross,gelb,,Sind mehr als vier Kreuze gelb?,"nein, stimmt nicht",1,left,cross,yellow,0,pink,6,square,yellow,3,pink,2
ESQ,19,3,7,more,small_control,4.0,6.0,cross,gelb,,Sind mehr als vier Kreuze gelb?,"nein, stimmt nicht",2,left,cross,yellow,2,pink,4,square,yellow,3,pink,2
ESQ,19,4,8,more,large_control,4.0,6.0,cross,gelb,,Sind mehr als vier Kreuze gelb?,"ja, stimmt",3,left,cross,yellow,6,pink,0,square,yellow,3,pink,2
ESQ,19,1,9,every,empty_restrictor,4.0,6.0,cross,gelb,,Ist jedes Kreuz gelb?,komische frage,1,left,circle,yellow,3,pink,3,square,yellow,3,pink,2
ESQ,19,2,10,every,empty_scope,4.0,6.0,cross,gelb,,Ist jedes Kreuz gelb?,"nein, stimmt nicht",2,left,cross,yellow,0,pink,6,square,yellow,3,pink,2
ESQ,19,3,11,every,small_control,4.0,6.0,cross,gelb,,Ist jedes Kreuz gelb?,"nein, stimmt nicht",3,left,cross,yellow,2,pink,4,square,yellow,3,pink,2
ESQ,19,4,12,every,large_control,4.0,6.0,cross,gelb,,Ist jedes Kreuz gelb?,"ja, stimmt",4,left,cross,yellow,6,pink,0,square,yellow,3,pink,2
ESQ,19,1,13,no,empty_restrictor,4.0,6.0,cross,gelb,,Ist kein Kreuz gelb?,komische frage,2,left,circle,yellow,3,pink,3,square,yellow,3,pink,2
ESQ,19,2,14,no,empty_scope,4.0,6.0,cross,gelb,,Ist kein Kreuz gelb?,"ja, stimmt",3,left,cross,yellow,0,pink,6,square,yellow,3,pink,2
ESQ,19,3,15,no,small_control,4.0,6.0,cross,gelb,,Ist kein Kreuz gelb?,"nein, stimmt nicht",4,left,cross,yellow,2,pink,4,square,yellow,3,pink,2
ESQ,19,4,16,no,large_control,4.0,6.0,cross,gelb,,Ist kein Kreuz gelb?,"nein, stimmt nicht",1,left,cross,yellow,6,pink,0,square,yellow,3,pink,2
ESQ,20,1,1,less,empty_restrictor,3.0,5.0,heart,pink,,Sind weniger als drei Herzen pink?,komische frage,4,left,cross,pink,3,grey,2,triangle,pink,3,grey,3
ESQ,20,2,2,less,empty_scope,3.0,5.0,heart,pink,,Sind weniger als drei Herzen pink?,"ja, stimmt",1,left,heart,pink,0,grey,5,triangle,pink,3,grey,3
ESQ,20,3,3,less,small_control,3.0,5.0,heart,pink,,Sind weniger als drei Herzen pink?,"ja, stimmt",2,left,heart,pink,2,grey,3,triangle,pink,3,grey,3
ESQ,20,4,4,less,large_control,3.0,5.0,heart,pink,,Sind weniger als drei Herzen pink?,"nein, stimmt nicht",3,left,heart,pink,5,grey,0,triangle,pink,3,grey,3
ESQ,20,1,5,more,empty_restrictor,3.0,5.0,heart,pink,,Sind mehr als drei Herzen pink?,komische frage,1,left,cross,pink,3,grey,2,triangle,pink,3,grey,3
ESQ,20,2,6,more,empty_scope,3.0,5.0,heart,pink,,Sind mehr als drei Herzen pink?,"nein, stimmt nicht",2,left,heart,pink,0,grey,5,triangle,pink,3,grey,3
ESQ,20,3,7,more,small_control,3.0,5.0,heart,pink,,Sind mehr als drei Herzen pink?,"nein, stimmt nicht",3,left,heart,pink,2,grey,3,triangle,pink,3,grey,3
ESQ,20,4,8,more,large_control,3.0,5.0,heart,pink,,Sind mehr als drei Herzen pink?,"ja, stimmt",4,left,heart,pink,5,grey,0,triangle,pink,3,grey,3
ESQ,20,1,9,every,empty_restrictor,3.0,5.0,heart,pink,,Ist jedes Herz pink?,komische frage,2,left,cross,pink,3,grey,2,triangle,pink,3,grey,3
ESQ,20,2,10,every,empty_scope,3.0,5.0,heart,pink,,Ist jedes Herz pink?,"nein, stimmt nicht",3,left,heart,pink,0,grey,5,triangle,pink,3,grey,3
ESQ,20,3,11,every,small_control,3.0,5.0,heart,pink,,Ist jedes Herz pink?,"nein, stimmt nicht",4,left,heart,pink,2,grey,3,triangle,pink,3,grey,3
ESQ,20,4,12,every,large_control,3.0,5.0,heart,pink,,Ist jedes Herz pink?,"ja, stimmt",1,left,heart,pink,5,grey,0,triangle,pink,3,grey,3
ESQ,20,1,13,no,empty_restrictor,3.0,5.0,heart,pink,,Ist kein Herz pink?,komische frage,3,left,cross,pink,3,grey,2,triangle,pink,3,grey,3
ESQ,20,2,14,no,empty_scope,3.0,5.0,heart,pink,,Ist kein Herz pink?,"ja, stimmt",4,left,heart,pink,0,grey,5,triangle,pink,3,grey,3
ESQ,20,3,15,no,small_control,3.0,5.0,heart,pink,,Ist kein Herz pink?,"nein, stimmt nicht",1,left,heart,pink,2,grey,3,triangle,pink,3,grey,3
ESQ,20,4,16,no,large_control,3.0,5.0,heart,pink,,Ist kein Herz pink?,"nein, stimmt nicht",2,left,heart,pink,5,grey,0,triangle,pink,3,grey,3
DIST,101,1,1,every,psp_violation_target_right,,,Dreieck,rot,blau,Ist jedes Dreieck entweder rot oder blau?,komische frage,1;2,left,circle,red,3,blue,4,square,red,2,blue,2
DIST,101,2,2,every,target_target_right,,,Dreieck,rot,blau,Ist jedes Dreieck entweder rot oder blau?,"ja, stimmt",1;2,left,triangle,red,0,blue,7,square,red,2,blue,2
DIST,101,3,3,every,true_control_target_right,,,Dreieck,rot,blau,Ist jedes Dreieck entweder rot oder blau?,"ja, stimmt",1;2,left,triangle,red,3,blue,4,square,red,2,blue,2
DIST,101,4,4,every,false_control_target_right,,,Dreieck,rot,blau,Ist jedes Dreieck entweder rot oder blau?,"nein, stimmt nicht",1;2,left,triangle,red,3,grey,4,square,red,2,grey,2
DIST,101,1,5,every,psp_violation_target_left,,,Dreieck,rot,blau,Ist jedes Dreieck entweder blau oder rot?,komische frage,3;4,left,circle,red,3,blue,4,square,red,2,blue,2
DIST,101,2,6,every,target_target_left,,,Dreieck,rot,blau,Ist jedes Dreieck entweder blau oder rot?,"ja, stimmt",3;4,left,triangle,red,0,blue,7,square,red,2,blue,2
DIST,101,3,7,every,true_control_target_left,,,Dreieck,rot,blau,Ist jedes Dreieck entweder blau oder rot?,"ja, stimmt",3;4,left,triangle,red,3,blue,4,square,red,2,blue,2
DIST,101,4,8,every,false_control_target_left,,,Dreieck,rot,blau,Ist jedes Dreieck entweder blau oder rot?,"nein, stimmt nicht",3;4,left,triangle,red,3,grey,4,square,red,2,grey,2
DIST,102,1,1,every,psp_violation_target_right,,,Quadrat,orange,grün,Ist jedes Quadrat entweder orange oder grün?,komische frage,3;4,left,cross,orange,2,green,2,triangle,orange,4,green,4
DIST,102,2,2,every,target_target_right,,,Quadrat,orange,grün,Ist jedes Quadrat entweder orange oder grün?,"ja, stimmt",3;4,left,square,orange,0,green,4,triangle,orange,4,green,4
DIST,102,3,3,every,true_control_target_right,,,Quadrat,orange,grün,Ist jedes Quadrat entweder orange oder grün?,"ja, stimmt",3;4,left,square,orange,2,green,2,triangle,orange,4,green,4
DIST,102,4,4,every,false_control_target_right,,,Quadrat,orange,grün,Ist jedes Quadrat entweder orange oder grün?,"nein, stimmt nicht",3;4,left,square,orange,2,black,2,triangle,orange,4,black,4
DIST,102,1,5,every,psp_violation_target_left,,,Quadrat,orange,grün,Ist jedes Quadrat entweder grün oder orange?,komische frage,1;2,left,cross,orange,2,green,2,triangle,orange,4,green,4
DIST,102,2,6,every,target_target_left,,,Quadrat,orange,grün,Ist jedes Quadrat entweder grün oder orange?,"ja, stimmt",1;2,left,square,orange,0,green,4,triangle,orange,4,green,4
DIST,102,3,7,every,true_control_target_left,,,Quadrat,orange,grün,Ist jedes Quadrat entweder grün oder orange?,"ja, stimmt",1;2,left,square,orange,2,green,2,triangle,orange,4,green,4
DIST,102,4,8,every,false_control_target_left,,,Quadrat,orange,grün,Ist jedes Quadrat entweder grün oder orange?,"nein, stimmt nicht",1;2,left,square,orange,2,black,2,triangle,orange,4,black,4
DIST,103,1,1,every,psp_violation_target_right,,,Herz,türkis,gelb,Ist jedes Herz entweder türkis oder gelb?,komische frage,1;2,left,square,turquoise,3,yellow,2,triangle,turquoise,4,yellow,1
DIST,103,2,2,every,target_target_right,,,Herz,türkis,gelb,Ist jedes Herz entweder türkis oder gelb?,"ja, stimmt",1;2,left,heart,turquoise,0,yellow,5,triangle,turquoise,4,yellow,1
DIST,103,3,3,every,true_control_target_right,,,Herz,türkis,gelb,Ist jedes Herz entweder türkis oder gelb?,"ja, stimmt",1;2,left,heart,turquoise,3,yellow,2,triangle,turquoise,4,yellow,1
DIST,103,4,4,every,false_control_target_right,,,Herz,türkis,gelb,Ist jedes Herz entweder türkis oder gelb?,"nein, stimmt nicht",1;2,left,heart,black,3,yellow,2,triangle,black,4,yellow,1
DIST,103,1,5,every,psp_violation_target_left,,,Herz,türkis,gelb,Ist jedes Herz entweder gelb oder türkis?,komische frage,3;4,left,square,turquoise,3,yellow,2,triangle,turquoise,4,yellow,1
DIST,103,2,6,every,target_target_left,,,Herz,türkis,gelb,Ist jedes Herz entweder gelb oder türkis?,"ja, stimmt",3;4,left,heart,turquoise,0,yellow,5,triangle,turquoise,4,yellow,1
DIST,103,3,7,every,true_control_target_left,,,Herz,türkis,gelb,Ist jedes Herz entweder gelb oder türkis?,"ja, stimmt",3;4,left,heart,turquoise,3,yellow,2,triangle,turquoise,4,yellow,1
DIST,103,4,8,every,false_control_target_left,,,Herz,türkis,gelb,Ist jedes Herz entweder gelb oder türkis?,"nein, stimmt nicht",3;4,left,heart,black,3,yellow,2,triangle,black,4,yellow,1
DIST,104,1,1,every,psp_violation_target_right,,,Kreuz,pink,schwarz,Ist jedes Kreuz entweder pink oder schwarz?,komische frage,3;4,left,heart,pink,4,black,3,square,pink,4,black,5
DIST,104,2,2,every,target_target_right,,,Kreuz,pink,schwarz,Ist jedes Kreuz entweder pink oder schwarz?,"ja, stimmt",3;4,left,cross,pink,0,black,7,square,pink,4,black,5
DIST,104,3,3,every,true_control_target_right,,,Kreuz,pink,schwarz,Ist jedes Kreuz entweder pink oder schwarz?,"ja, stimmt",3;4,left,cross,pink,4,black,3,square,pink,4,black,5
DIST,104,4,4,every,false_control_target_right,,,Kreuz,pink,schwarz,Ist jedes Kreuz entweder pink oder schwarz?,"nein, stimmt nicht",3;4,left,cross,pink,4,grey,3,square,pink,4,grey,5
DIST,104,1,5,every,psp_violation_target_left,,,Kreuz,pink,schwarz,Ist jedes Kreuz entweder schwarz oder pink?,komische frage,1;2,left,heart,pink,4,black,3,square,pink,4,black,5
DIST,104,2,6,every,target_target_left,,,Kreuz,pink,schwarz,Ist jedes Kreuz entweder schwarz oder pink?,"ja, stimmt",1;2,left,cross,pink,0,black,7,square,pink,4,black,5
DIST,104,3,7,every,true_control_target_left,,,Kreuz,pink,schwarz,Ist jedes Kreuz entweder schwarz oder pink?,"ja, stimmt",1;2,left,cross,pink,4,black,3,square,pink,4,black,5
DIST,104,4,8,every,false_control_target_left,,,Kreuz,pink,schwarz,Ist jedes Kreuz entweder schwarz oder pink?,"nein, stimmt nicht",1;2,left,cross,pink,4,grey,3,square,pink,3,grey,3
DIST,105,1,1,every,psp_violation_target_right,,,Kreis,schwarz,grau,Ist jedes Kreis entweder schwarz oder grau?,komische frage,1;2,left,square,black,6,grey,2,triangle,black,4,grey,1
DIST,105,2,2,every,target_target_right,,,Kreis,schwarz,grau,Ist jedes Kreis entweder schwarz oder grau?,"ja, stimmt",1;2,left,circle,black,0,grey,8,triangle,black,4,grey,1
DIST,105,3,3,every,true_control_target_right,,,Kreis,schwarz,grau,Ist jedes Kreis entweder schwarz oder grau?,"ja, stimmt",1;2,left,circle,black,6,grey,2,triangle,black,4,grey,1
DIST,105,4,4,every,false_control_target_right,,,Kreis,schwarz,grau,Ist jedes Kreis entweder schwarz oder grau?,"nein, stimmt nicht",1;2,left,circle,black,6,yellow,2,triangle,black,4,yellow,1
DIST,105,1,5,every,psp_violation_target_left,,,Kreis,schwarz,grau,Ist jedes Kreis entweder grau oder schwarz?,komische frage,3;4,left,square,black,6,grey,2,triangle,black,4,grey,1
DIST,105,2,6,every,target_target_left,,,Kreis,schwarz,grau,Ist jedes Kreis entweder grau oder schwarz?,"ja, stimmt",3;4,left,circle,black,0,grey,8,triangle,black,4,grey,1
DIST,105,3,7,every,true_control_target_left,,,Kreis,schwarz,grau,Ist jedes Kreis entweder grau oder schwarz?,"ja, stimmt",3;4,left,circle,black,6,grey,2,triangle,black,4,grey,1
DIST,105,4,8,every,false_control_target_left,,,Kreis,schwarz,grau,Ist jedes Kreis entweder grau oder schwarz?,"nein, stimmt nicht",3;4,left,circle,black,6,yellow,2,triangle,black,4,yellow,1
DIST,106,1,1,every,psp_violation_target_right,,,Dreieck,gelb,blau,Ist jedes Dreieck entweder gelb oder blau?,komische frage,3;4,right,square,yellow,2,blue,2,circle,yellow,3,blue,3
DIST,106,2,2,every,target_target_right,,,Dreieck,gelb,blau,Ist jedes Dreieck entweder gelb oder blau?,"ja, stimmt",3;4,right,square,yellow,2,blue,2,triangle,yellow,0,blue,6
DIST,106,3,3,every,true_control_target_right,,,Dreieck,gelb,blau,Ist jedes Dreieck entweder gelb oder blau?,"ja, stimmt",3;4,right,square,yellow,2,blue,2,triangle,yellow,3,blue,3
DIST,106,4,4,every,false_control_target_right,,,Dreieck,gelb,blau,Ist jedes Dreieck entweder gelb oder blau?,"nein, stimmt nicht",3;4,right,square,red,2,blue,2,triangle,red,3,blue,3
DIST,106,1,5,every,psp_violation_target_left,,,Dreieck,gelb,blau,Ist jedes Dreieck entweder blau oder gelb?,komische frage,1;2,right,square,yellow,2,blue,2,circle,yellow,3,blue,3
DIST,106,2,6,every,target_target_left,,,Dreieck,gelb,blau,Ist jedes Dreieck entweder blau oder gelb?,"ja, stimmt",1;2,right,square,yellow,2,blue,2,triangle,yellow,0,blue,6
DIST,106,3,7,every,true_control_target_left,,,Dreieck,gelb,blau,Ist jedes Dreieck entweder blau oder gelb?,"ja, stimmt",1;2,right,square,yellow,2,blue,2,triangle,yellow,3,blue,3
DIST,106,4,8,every,false_control_target_left,,,Dreieck,gelb,blau,Ist jedes Dreieck entweder blau oder gelb?,"nein, stimmt nicht",1;2,right,square,red,4,blue,1,triangle,red,3,blue,3
DIST,107,1,1,every,psp_violation_target_right,,,Quadrat,grün,gelb,Ist jedes Quadrat entweder grün oder gelb?,komische frage,1;2,right,triangle,green,4,yellow,1,circle,green,2,yellow,2
DIST,107,2,2,every,target_target_right,,,Quadrat,grün,gelb,Ist jedes Quadrat entweder grün oder gelb?,"ja, stimmt",1;2,right,triangle,green,4,yellow,1,square,green,0,yellow,4
DIST,107,3,3,every,true_control_target_right,,,Quadrat,grün,gelb,Ist jedes Quadrat entweder grün oder gelb?,"ja, stimmt",1;2,right,triangle,green,4,yellow,1,square,green,2,yellow,2
DIST,107,4,4,every,false_control_target_right,,,Quadrat,grün,gelb,Ist jedes Quadrat entweder grün oder gelb?,"nein, stimmt nicht",1;2,right,triangle,black,4,yellow,1,square,black,2,yellow,2
DIST,107,1,5,every,psp_violation_target_left,,,Quadrat,grün,gelb,Ist jedes Quadrat entweder gelb oder grün?,komische frage,3;4,right,triangle,green,4,yellow,1,circle,green,2,yellow,2
DIST,107,2,6,every,target_target_left,,,Quadrat,grün,gelb,Ist jedes Quadrat entweder gelb oder grün?,"ja, stimmt",3;4,right,triangle,green,4,yellow,1,square,green,0,yellow,4
DIST,107,3,7,every,true_control_target_left,,,Quadrat,grün,gelb,Ist jedes Quadrat entweder gelb oder grün?,"ja, stimmt",3;4,right,triangle,green,4,yellow,1,square,green,2,yellow,2
DIST,107,4,8,every,false_control_target_left,,,Quadrat,grün,gelb,Ist jedes Quadrat entweder gelb oder grün?,"nein, stimmt nicht",3;4,right,triangle,black,4,yellow,1,square,black,2,yellow,2
DIST,108,1,1,every,psp_violation_target_right,,,Herz,schwarz,gelb,Ist jedes Herz entweder schwarz oder gelb?,komische frage,3;4,right,cross,black,5,yellow,2,circle,black,4,yellow,2
DIST,108,2,2,every,target_target_right,,,Herz,schwarz,gelb,Ist jedes Herz entweder schwarz oder gelb?,"ja, stimmt",3;4,right,cross,black,5,yellow,2,heart,black,0,yellow,6
DIST,108,3,3,every,true_control_target_right,,,Herz,schwarz,gelb,Ist jedes Herz entweder schwarz oder gelb?,"ja, stimmt",3;4,right,cross,black,5,yellow,2,heart,black,4,yellow,2
DIST,108,4,4,every,false_control_target_right,,,Herz,schwarz,gelb,Ist jedes Herz entweder schwarz oder gelb?,"nein, stimmt nicht",3;4,right,cross,red,5,yellow,2,heart,red,4,yellow,2
DIST,108,1,5,every,psp_violation_target_left,,,Herz,schwarz,gelb,Ist jedes Herz entweder gelb oder schwarz?,komische frage,1;2,right,cross,black,5,yellow,2,circle,black,4,yellow,2
DIST,108,2,6,every,target_target_left,,,Herz,schwarz,gelb,Ist jedes Herz entweder gelb oder schwarz?,"ja, stimmt",1;2,right,cross,black,5,yellow,2,heart,black,0,yellow,6
DIST,108,3,7,every,true_control_target_left,,,Herz,schwarz,gelb,Ist jedes Herz entweder gelb oder schwarz?,"ja, stimmt",1;2,right,cross,black,5,yellow,2,heart,black,4,yellow,2
DIST,108,4,8,every,false_control_target_left,,,Herz,schwarz,gelb,Ist jedes Herz entweder gelb oder schwarz?,"nein, stimmt nicht",1;2,right,cross,red,5,yellow,2,heart,red,4,yellow,2
DIST,109,1,1,every,psp_violation_target_right,,,Kreuz,lila,grau,Ist jedes Kreuz entweder lila oder grau?,komische frage,1;2,right,square,purple,3,grey,3,circle,purple,4,grey,2
DIST,109,2,2,every,target_target_right,,,Kreuz,lila,grau,Ist jedes Kreuz entweder lila oder grau?,"ja, stimmt",1;2,right,square,purple,3,grey,3,cross,purple,0,grey,6
DIST,109,3,3,every,true_control_target_right,,,Kreuz,lila,grau,Ist jedes Kreuz entweder lila oder grau?,"ja, stimmt",1;2,right,square,purple,3,grey,3,cross,purple,4,grey,2
DIST,109,4,4,every,false_control_target_right,,,Kreuz,lila,grau,Ist jedes Kreuz entweder lila oder grau?,"nein, stimmt nicht",1;2,right,square,brown,3,grey,3,cross,brown,4,grey,2
DIST,109,1,5,every,psp_violation_target_left,,,Kreuz,lila,grau,Ist jedes Kreuz entweder grau oder lila?,komische frage,3;4,right,square,purple,3,grey,3,circle,purple,4,grey,2
DIST,109,2,6,every,target_target_left,,,Kreuz,lila,grau,Ist jedes Kreuz entweder grau oder lila?,"ja, stimmt",3;4,right,square,purple,3,grey,3,cross,purple,0,grey,6
DIST,109,3,7,every,true_control_target_left,,,Kreuz,lila,grau,Ist jedes Kreuz entweder grau oder lila?,"ja, stimmt",3;4,right,square,purple,3,grey,3,cross,purple,4,grey,2
DIST,109,4,8,every,false_control_target_left,,,Kreuz,lila,grau,Ist jedes Kreuz entweder grau oder lila?,"nein, stimmt nicht",3;4,right,square,brown,3,grey,3,cross,brown,4,grey,2
DIST,110,1,1,every,psp_violation_target_right,,,Kreis,rot,gelb,Ist jedes Kreis entweder rot oder gelb?,komische frage,3;4,right,triangle,red,1,yellow,6,heart,red,3,yellow,1
DIST,110,2,2,every,target_target_right,,,Kreis,rot,gelb,Ist jedes Kreis entweder rot oder gelb?,"ja, stimmt",3;4,right,triangle,red,1,yellow,6,circle,red,0,yellow,4
DIST,110,3,3,every,true_control_target_right,,,Kreis,rot,gelb,Ist jedes Kreis entweder rot oder gelb?,"ja, stimmt",3;4,right,triangle,red,1,yellow,6,circle,red,3,yellow,1
DIST,110,4,4,every,false_control_target_right,,,Kreis,rot,gelb,Ist jedes Kreis entweder rot oder gelb?,"nein, stimmt nicht",3;4,right,triangle,red,1,green,6,circle,red,3,green,1
DIST,110,1,5,every,psp_violation_target_left,,,Kreis,rot,gelb,Ist jedes Kreis entweder gelb oder rot?,komische frage,1;2,right,triangle,red,1,yellow,6,heart,red,3,yellow,1
DIST,110,2,6,every,target_target_left,,,Kreis,rot,gelb,Ist jedes Kreis entweder gelb oder rot?,"ja, stimmt",1;2,right,triangle,red,1,yellow,6,circle,red,0,yellow,4
DIST,110,3,7,every,true_control_target_left,,,Kreis,rot,gelb,Ist jedes Kreis entweder gelb oder rot?,"ja, stimmt",1;2,right,triangle,red,1,yellow,6,circle,red,3,yellow,1
DIST,110,4,8,every,false_control_target_left,,,Kreis,rot,gelb,Ist jedes Kreis entweder gelb oder rot?,"nein, stimmt nicht",1;2,right,triangle,red,1,green,6,circle,red,3,green,1
UB,301,1,1,einige,einige_some_but_not_all,,,Quadrate,rot,,Sind einige der Quadrate rot?,"ja, stimmt",all_lists,left,square,red,4,blue,5,circle,red,2,blue,2
UB,301,2,2,einige,einige_all,,,Quadrate,rot,,Sind einige der Quadrate rot?,"ja, stimmt",all_lists,left,square,red,9,blue,0,circle,red,2,blue,2
UB,302,1,1,einige,einige_some_but_not_all,,,Quadrate,blau,,Sind einige der Quadrate blau?,"ja, stimmt",all_lists,left,square,blue,3,yellow,4,triangle,blue,3,yellow,3
UB,302,2,2,einige,einige_all,,,Quadrate,blau,,Sind einige der Quadrate blau?,"ja, stimmt",all_lists,left,square,blue,7,yellow,0,triangle,blue,3,yellow,3
UB,303,1,1,einige,einige_some_but_not_all,,,Quadrate,gelb,,Sind einige der Quadrate gelb?,"ja, stimmt",all_lists,left,square,yellow,3,black,5,cross,yellow,4,black,4
UB,303,2,2,einige,einige_all,,,Quadrate,gelb,,Sind einige der Quadrate gelb?,"ja, stimmt",all_lists,left,square,yellow,8,black,0,cross,yellow,4,black,4
UB,304,1,1,einige,einige_some_but_not_all,,,Quadrate,grün,,Sind einige der Quadrate grün?,"ja, stimmt",all_lists,left,square,green,3,orange,6,heart,green,5,orange,5
UB,304,2,2,einige,einige_all,,,Quadrate,grün,,Sind einige der Quadrate grün?,"ja, stimmt",all_lists,left,square,green,9,orange,0,heart,green,5,orange,5
UB,305,1,1,einige,einige_some_but_not_all,,,Kreise,braun,,Sind einige der Kreise braun?,"ja, stimmt",all_lists,left,circle,brown,3,grey,4,triangle,brown,1,grey,6
UB,305,2,2,einige,einige_all,,,Kreise,braun,,Sind einige der Kreise braun?,"ja, stimmt",all_lists,left,circle,brown,7,grey,0,triangle,brown,1,grey,6
UB,311,1,1,einige,einige_some_but_not_all,,,Kreuze,rot,,Sind einige der Kreuze rot?,"ja, stimmt",all_lists,right,triangle,red,4,yellow,4,cross,red,3,yellow,5
UB,311,2,2,einige,einige_all,,,Kreuze,rot,,Sind einige der Kreuze rot?,"ja, stimmt",all_lists,right,triangle,red,4,yellow,4,cross,red,8,yellow,0
UB,312,1,1,einige,einige_some_but_not_all,,,Kreuze,blau,,Sind einige der Kreuze blau?,"ja, stimmt",all_lists,right,circle,blue,5,black,5,cross,blue,3,black,4
UB,312,2,2,einige,einige_all,,,Kreuze,blau,,Sind einige der Kreuze blau?,"ja, stimmt",all_lists,right,circle,blue,5,black,5,cross,blue,7,black,0
UB,316,1,1,einige,einige_some_but_not_all,,,Herzen,orange,,Sind einige der Herzen orange?,"ja, stimmt",all_lists,right,triangle,orange,1,black,7,heart,orange,4,black,5
UB,316,2,2,einige,einige_all,,,Herzen,orange,,Sind einige der Herzen orange?,"ja, stimmt",all_lists,right,triangle,orange,1,black,7,heart,orange,9,black,0
UB,317,1,1,einige,einige_some_but_not_all,,,Dreiecke,schwarz,,Sind einige der Dreiecke schwarz?,"ja, stimmt",all_lists,right,square,black,2,orange,6,triangle,black,4,orange,6
UB,317,2,2,einige,einige_all,,,Dreiecke,schwarz,,Sind einige der Dreiecke schwarz?,"ja, stimmt",all_lists,right,square,black,2,orange,6,triangle,black,10,orange,0
UB,318,1,1,einige,einige_some_but_not_all,,,Dreiecke,grau,,Sind einige der Dreiecke grau?,"ja, stimmt",all_lists,right,circle,grey,1,yellow,5,triangle,grey,3,yellow,3
UB,318,2,2,einige,einige_all,,,Dreiecke,grau,,Sind einige der Dreiecke grau?,"ja, stimmt",all_lists,right,circle,grey,1,yellow,5,triangle,grey,6,yellow,0
Filler,401,1,1,,up_to_zero,,,Dreiecke,blau,,Sind bis zu zwei Dreiecke blau?,"nein, stimmt nicht",all_lists,left,triangle,blue,0,red,5,square,blue,5,red,5
Filler,401,2,2,,at_most_zero,,,Dreiecke,blau,,Sind höchstens drei Dreiecke blau?,"ja, stimmt",all_lists,left,triangle,blue,0,red,5,square,blue,5,red,5
Filler,402,1,1,,up_to_zero,,,Kreise,rot,,Sind bis zu vier Kreise rot?,"nein, stimmt nicht",all_lists,left,circle,red,0,yellow,6,cross,red,2,yellow,2
Filler,402,2,2,,at_most_zero,,,Kreise,rot,,Sind höchstens zwei Kreise rot?,"ja, stimmt",all_lists,left,circle,red,0,yellow,6,cross,red,2,yellow,2
Filler,403,1,1,,up_to_zero,,,Kreise,grau,,Sind bis zu drei Kreise grau?,"nein, stimmt nicht",all_lists,right,square,grey,4,red,4,circle,grey,0,red,8
Filler,403,2,2,,at_most_zero,,,Dreiecke,braun,,Sind höchstens zwei Dreiecke braun?,"ja, stimmt",all_lists,right,circle,brown,3,blue,3,triangle,brown,0,blue,4
Filler,404,1,1,,up_to_zero,,,Quadrate,schwarz,,Sind bis zu vier Quadrate schwarz?,"nein, stimmt nicht",all_lists,right,cross,black,4,yellow,2,square,black,0,yellow,10
Filler,404,2,2,,at_most_zero,,,Quadrate,schwarz,,Sind höchstens drei Quadrate schwarz?,"ja, stimmt",all_lists,right,cross,black,4,yellow,2,square,black,0,yellow,10
Filler,405,1,1,,up_to_zero,,,Kreuze,türkis,,Sind bis zu zwei Kreuze türkis?,"nein, stimmt nicht",all_lists,right,heart,turquoise,2,green,4,cross,turquoise,0,green,5
Filler,405,2,2,,at_most_zero,,,Kreuze,türkis,,Sind höchstens drei Kreuze türkis?,"ja, stimmt",all_lists,right,heart,turquoise,2,green,4,cross,turquoise,0,green,5
Filler,1001,10,10,,psp_failure_definite_filler,,,Quadrat,gelb,,Ist das Quadrat gelb?,komische frage,all_lists,left,square,yellow,2,black,0,heart,yellow,0,black,1
Filler,1002,10,10,,psp_failure_definite_filler,,,Kreis,rot,,Ist der Kreis rot?,komische frage,all_lists,left,circle,red,2,blue,0,circle,red,0,blue,3
Filler,1003,10,10,,psp_failure_definite_filler,,,Dreieck,blau,,Ist das Dreieck blau?,komische frage,all_lists,left,circle,blue,1,yellow,0,square,blue,0,yellow,1
Filler,1004,10,10,,psp_failure_definite_filler,,,Kreuz,braun,,Ist das Kreuz braun?,komische frage,all_lists,left,heart,brown,2,green,2,square,brown,1,green,0
Filler,1005,10,10,,psp_failure_definite_filler,,,Herz,rot,,Ist das Herz rot?,komische frage,all_lists,left,square,red,3,blue,3,circle,red,1,blue,1
Filler,1006,10,10,,psp_failure_definite_filler,,,Quadrat,blau,,Ist das Quadrat blau?,komische frage,all_lists,right,circle,blue,1,grey,0,square,blue,2,grey,0
Filler,1007,10,10,,psp_failure_definite_filler,,,Kreis,lila,,Ist der Kreis lila?,komische frage,all_lists,right,triangle,purple,3,grey,3,circle,purple,3,grey,1
Filler,1008,10,10,,psp_failure_definite_filler,,,Dreieck,grün,,Ist das Dreieck grün?,komische frage,all_lists,right,square,green,1,black,0,triangle,green,2,black,1
Filler,1009,10,10,,psp_failure_definite_filler,,,Kreuz,rot,,Ist das Kreuz rot?,komische frage,all_lists,right,cross,red,1,grey,0,cross,red,0,grey,1
Filler,1010,10,10,,psp_failure_definite_filler,,,Herz,türkis,,Ist das Herz türkis?,komische frage,all_lists,right,heart,turquoise,1,black,0,heart,turquoise,1,black,1

Filler,1011,10,10,,psp_failure_both,,,Quadrate,rot,,Sind beide Quadrate rot?,komische frage,all_lists,left,square,red,1,black,0,triangle,black,3,grey,2
Filler,1012,10,10,,psp_failure_both,,,Herzen,gelb,,Sind beide Herzen gelb?,komische frage,all_lists,left,heart,yellow,2,blue,3,cross,yellow,2,blue,2

Filler,1013,10,10,,psp_failure_both,,,Kreuze,lila,,Sind beide Kreuze lila?,komische frage,all_lists,right,square,purple,1,brown,1,cross,purple,1,brown,4
Filler,1014,10,10,,psp_failure_both,,,Dreiecke,blau,,Sind beide Dreiecke blau?,komische frage,all_lists,right,circle,blue,5,red,5,triangle,blue,2,red,2
Filler,1015,10,10,,psp_failure_both,,,Kreise,grün,,Sind beide Kreise grün?,komische frage,all_lists,right,cross,red,3,green,3,circle,red,3,green,3
